#PROJECTTEAMADD,ProjectName,ProjectTeamType,LoginName
F0110900,User,LShaxson
F0112100,User,SBailey
F0086200,User,pdomingo
F0086200,User,anorton
F0086200,User,Arochamenocal
F0086200,User,ldenney
F0086200,User,mforesti
F0086200,User,lwild
F0086200,User,aquinn
P0717,User,mking
P0717,User,mmanuel
P0717,User,EHedger
P0717,User,smoon
P0717,User,htavakoli
P0717,User,ECardoso
P0717,User,mmarchioro
P0717,User,admin
P0717,User,SMontosa
P0717,User,hturgel
P0717,User,cleigh
P0717,User,rflynn
P0717,User,admin
P0717,User,pkrause
R0423,User,jmorgan
R0423,User,rslater
F0104400,User,AMcCord
F0104400,User,rholmes
P0690,User,ALemma
P0690,User,aevans
P0690,User,AMcCord
P0690,User,dharris
P0690,User,dbooth
P0690,User,fsamuels
P0690,User,ghart
P0690,User,htavakoli
P0690,User,hleturque
P0690,User,jmorgan
P0690,User,JBrown
P0690,User,jhagen-zanker
P0690,User,jfottrell
P0690,User,jtanner
P0690,User,mforesti
P0690,User,MGeddes
P0690,User,MGeddes
P0690,User,mvandemoortele
P0690,User,nbird
P0690,User,nscott
P0690,User,rholmes
P0690,User,RCalow
P0690,User,smeally
P0690,User,SChakma
P0690,User,slevy
P0690,User,smartin
P0690,User,admin
P0690,User,jglennie
P0690,User,Kfowler
P0690,User,Jengel
P0690,User,gwilson
P0690,User,mnortier
C0101001,User,cmelamed
C0101001,User,rgreenhill
C0101001,User,ascott
C0101001,User,pmartins
C0101001,User,esamman
C0101001,User,plucci
C0101001,User,ldamant
C0101001,User,APrizzon
C0101001,User,pseth
C0101001,User,ajackson
C0101001,User,gbergh
C0101001,User,admin
C0101001,User,admin
C0101001,User,lwild
C0101001,User,Arochamenocal
C0101001,User,mforesti
C0101001,User,admin
C0101001,User,ldenney
C0101001,User,nscott
C0101002,User,nbird
C0101002,User,swhitley
C0101002,User,snakhooda
C0101002,User,tmitchell
C0101002,User,IMassa
C0101002,User,KEllis
C0101002,User,ljones
C0101002,User,wmcfarland
C0101002,User,rgreenhill
C0101002,User,admin
C0101002,User,EHedger
C0101002,User,jglennie
C0101002,User,htavakoli
C0101002,User,cwatson
C0101002,User,acaravani
C0101002,User,admin
C0101002,User,mbernardez
C0101002,User,admin
C0101002,User,admin
CDKN002OS,User,anorton
CDKN002OS,User,kgraham
CDKN002OS,User,fiannini
CDKN002OS,User,JBrown
CDKN002OS,User,ljones
CDKN002OS,User,lpeskett
CDKN002OS,User,mkooy
CDKN002OS,User,nbird
CDKN002OS,User,ngrist
CDKN002OS,User,RCalow
CDKN002OS,User,tmitchell
CDKN002OS,User,jfottrell
CDKN002OS,User,swhitley
CDKN002OS,User,plewis
CDKN002OS,User,jglennie
CDKN002OS,User,eludi
CDKN002OS,User,ncantore
CDKN002OS,User,ccoles
CDKN002OS,User,kharris
CDKN002OS,User,KEllis
CDKN002OS,User,snakhooda
CDKN002OS,User,nscott
CDKN002OS,User,ewilkinson
I0439,User,bkarapinar
I0439,User,jkennan
I0439,User,moyeniji
I0449OS,User,ckingombe
I0449OS,User,DteVelde
I0449OS,User,jkennan
P0712,User,EHedger
P0712,User,EHedger
P0712,User,HMahtab
F0087700,User,Arochamenocal
F0087700,User,aquinn
F0088300,User,Arochamenocal
F0088300,User,aquinn
F0088300,User,manderson
F0087700,User,Arochamenocal
F0087700,User,aquinn
F0087700,User,manderson
F0096500,User,ncantore
F0096500,User,moyeniji
F0096500,User,rfaure
I0454,User,bkarapinar
I0454,User,DteVelde
I0454,User,moyeniji
I0465,User,IMassa
I0465,User,moyeniji
I0465,User,admin
F0106800,User,spantuliano
F0106800,User,wfenton
F0106800,User,jbenson
F0111200,User,slevine
F0111200,User,jbenson
F0114400,User,spantuliano
C0101201,User,AMcCord
C0101201,User,MDuvendack
F0114500,User,ECardoso
F0089700,User,ccoles
F0089700,User,jmitchell2
F0089700,User,cwilliams
F0089700,User,ECardoso
F0091800,User,jdocherty
F0091800,User,jmitchell2
F0091800,User,ECardoso
F0091800,User,edarko
F0091800,User,jmorgan
RAP0140,User,APellini
RAP0140,User,CByrne
RAP0140,User,hjones
RAP0140,User,jknezovich
RAP0140,User,SHearn
RAP0140,User,ccassidy
RAP0140,User,MDuvendack
RAP0140,User,LShaxson
S0215,User,wmcfarland
S0215,User,lpeskett
S0215,User,fiannini
S0215,User,nscott
S0215,User,jfaal
S0215,User,kgraham
S0215,User,pseth
S0215,User,ebrickell
F0094800,User,jmitchell2
F0094800,User,cwilliams
F0094800,User,ECardoso
F0094800,User,Aliisanantti
F0094900,User,jmitchell2
F0094900,User,pmartins
F0094900,User,ECardoso
R0495,User,ccoles
R0495,User,jmitchell2
I0440,User,ECardoso
I0440,User,KEllis
F0100700,User,KEllis
F0100700,User,cwilliams
F0100700,User,ECardoso
F0109900,User,jmitchell2
F0109900,User,ECardoso
F0114400,User,ajackson
F0114400,User,jbenson
F0098400,User,jyoung
F0098400,User,hjones
F0098400,User,ccassidy
F0098400,User,agasson
F0098400,User,CByrne
F0095200,User,lwild
F0095200,User,aquinn
F0095200,User,jdocherty
F0095200,User,edarko
F0095200,User,swhitley
F0103300,User,swiggins
F0103300,User,skeats
F0103300,User,alocke
F0103300,User,edarko
F0103300,User,admin
F0105800,User,swiggins
F0105800,User,skeats
F0105800,User,edarko
R0406,User,ahawke
R0406,User,edarko
R0406,User,lkreitzman
R0406,User,mvigneri
R0406,User,nscott
R0406,User,rslater
R0406,User,skeats
R0406,User,SChakma
R0406,User,slevy
R0406,User,swiggins
R0406,User,manderson
R0406,User,alocke
R0406,User,jtanner
R0406,User,gwilson
R0495,User,ccoles
R0495,User,jmitchell2
R0495,User,ECardoso
F0114500,User,ECardoso
F0114500,User,KEllis
F0111600,User,hjones
F0111600,User,agasson
F0085300,User,SHunt
F0085300,User,Arochamenocal
F0085300,User,ftembo
F0085300,User,admin
F0105000,User,jyoung
F0105000,User,MDuvendack
F0105000,User,admin
F0105000,User,ccassidy
F0105000,User,CByrne
F0105000,User,admin
F0110700,User,KEllis
F0110700,User,admin
F0110700,User,cwilliams
F0110700,User,ECardoso
R0309,User,edarko
R0309,User,eludi
R0309,User,lcabral
R0309,User,swiggins
R0309,User,alocke
F0098400,User,jyoung
F0098400,User,hjones
F0098400,User,ccassidy
F0098400,User,agasson
F0098400,User,CByrne
F0112100,User,SBailey
F0112100,User,jbenson
S0195,User,JBrown
S0195,User,nbird
S0195,User,wmcfarland
F0083400,User,wmcfarland
F0083400,User,tmitchell
F0096000,User,agasson
F0096000,User,LShaxson
F0094700,User,ljones
F0094700,User,wmcfarland
F0094700,User,RCampbell
F0094700,User,nbird
F0094700,User,kgraham
F0094700,User,tmitchell
F0094700,User,tstubbs
F0094700,User,ascott
F0094700,User,kharris
F0104800,User,kharris
CR050002,User,rslater
CR050002,User,miotti
CR050002,User,kkhalid
CR050002,User,mmohsin
CR050002,User,rmallett
CR050002,User,scollinson
CR050002,User,eludi
CR050002,User,KEllis
CR050002,User,rholmes
CR050002,User,slevine
CR050002,User,jhagen-zanker
CR050002,User,dharris
CR050002,User,BBabajanian
CR050002,User,rslater
CR050002,User,miotti
CR050002,User,kkhalid
CR050002,User,mmohsin
CR050002,User,rmallett
CR050002,User,scollinson
CR050002,User,eludi
CR050002,User,KEllis
CR050002,User,rholmes
CR050002,User,slevine
CR050002,User,jhagen-zanker
CR050002,User,dharris
CR050002,User,BBabajanian
F0105100,User,ccassidy
F0105100,User,LShaxson
F0105100,User,agasson
F0150,User,ahewitt
F0150,User,sbarron
F0150,User,dlomas
F0151,User,ahewitt
F0151,User,dlomas
F0151,User,sbarron
F0155,User,ahewitt
F0155,User,dlomas
F0155,User,sbarron
F0156,User,ahewitt
F0156,User,sbarron
F0156,User,dlomas
F0154,User,admin
F0154,User,admin
F0154,User,admin
F0154,User,ahewitt
F0154,User,sbarron
F0154,User,dlomas
W0060,User,RCalow
F0097800,User,nmason
F0097800,User,eludi
F0097800,User,Aliisanantti
F0098700,User,mkooy
F0098700,User,nmason
F0098700,User,eludi
F0098700,User,lwild
F0098700,User,dharris
F0098700,User,SBailey
F0098700,User,noates
F0107600,User,RCalow
F0107600,User,jtucker
CR044804,User,jmitchell1
CR044804,User,lcabral
CR044804,User,swiggins
CR044804,User,edarko
CR044804,User,swiggins
CR044805,User,alocke
CR044805,User,edarko
CR044805,User,swiggins
CR044805,User,jmitchell1
CR044805,User,ALemma
CR044805,User,lcabral
CR044805,User,smoon
P0775,User,pkrause
P0775,User,mmanuel
P0775,User,pmartins
P0775,User,smoon
P0775,User,mking
P0775,User,EHedger
P0775,User,htavakoli
P0775,User,cleigh
P0775,User,rflynn
P0775,User,VChambers
P0775,User,mforesti
P0775,User,dbooth
P0775,User,dharris
P0775,User,aquinn
P0775,User,lwild
P0775,User,ikamikazi
P0775,User,admin
P0775,User,hturgel
P0775,User,hturgel
F0086100,User,hjones
F0086100,User,jdocherty
F0086100,User,ECardoso
F0086100,User,CByrne
F0091600,User,jyoung
F0091600,User,KEllis
F0091600,User,ECardoso
F0091600,User,ALemma
F0091800,User,jdocherty
F0091800,User,jmitchell1
F0091800,User,ECardoso
F0091800,User,edarko
F0091800,User,jmorgan
F0096000,User,agasson
F0096000,User,LShaxson
F0165,User,ahewitt
F0165,User,dlomas
F0165,User,sbarron
F0097700,User,jyoung
F0097300,User,sbarron
F0097300,User,ahewitt
F0097300,User,dlomas
F0097900,User,ahewitt
F0097900,User,sbarron
F0097900,User,dlomas
F0098000,User,sbarron
F0098000,User,ahewitt
F0098000,User,dlomas
F0098200,User,ahewitt
F0098200,User,sbarron
F0098200,User,dlomas
F0157,User,ahewitt
F0157,User,sbarron
F0157,User,dlomas
F0157,User,ahewitt
F0157,User,sbarron
F0157,User,dlomas
F0158,User,ahewitt
F0158,User,dlomas
F0158,User,sbarron
F0160,User,ahewitt
F0160,User,sbarron
F0160,User,dlomas
F0102600,User,kharris
F0102600,User,elovell
F0102600,User,manderson
F0089700,User,ccoles
F0089700,User,jmitchell1
F0089700,User,cwilliams
F0089700,User,ECardoso
F0089700,User,admin
F0106800,User,fiannini
F0106800,User,spantuliano
F0106800,User,wfenton
F0106800,User,jbenson
F0089700,User,ccoles
F0089700,User,jmitchell1
F0089700,User,cwilliams
F0089700,User,ECardoso
F0089700,User,KEllis
F0093600,User,pdavis
F0093600,User,ALemma
F0093600,User,cwilliams
F0093600,User,jmitchell1
F0093600,User,ECardoso
F0099900,User,ECardoso
F0099900,User,jmitchell1
F0101800,User,KEllis
F0101800,User,jdocherty
F0101800,User,snakhooda
F0101800,User,ECardoso
F0102200,User,wmcfarland
F0102200,User,snakhooda
F0102200,User,acaravani
F0102200,User,nbird
F0102200,User,nscott
F0102200,User,kgraham
C0101601,User,rfaure
C0101601,User,pmartins
C0101601,User,cmelamed
C0101601,User,rfaure
C0101601,User,rfaure
C0101601,User,rgreenhill
C0101601,User,ghart
C0101601,User,mpaasch
C0101601,User,admin
C0101601,User,admin
C0101601,User,esamman
C0101601,User,nscott
C0101601,User,JKeane
C0101601,User,admin
C0101601,User,Arochamenocal
C0101601,User,ybasnett
C0101601,User,gwilson
C0101601,User,APrizzon
S0215,User,wmcfarland
S0215,User,lpeskett
S0215,User,fiannini
S0215,User,nscott
S0215,User,jfaal
S0215,User,kgraham
S0215,User,pseth
S0215,User,ebrickell
CA000007,User,JMitchell
CA000007,User,pknoxclarke
CA000007,User,kscriven
CA000007,User,jharris
CA000007,User,ckeay
CA000007,User,forphal
CA000007,User,pcurmi
CA000007,User,fbonino
CA000007,User,kscriven
P0755,User,aquinn
P0755,User,dbooth
R0454,User,lcabral
R0454,User,MGeddes
R0454,User,htavakoli
R0454,User,smoon
R0454,User,edarko
R0455,User,jmitchell1
R0455,User,lcabral
R0455,User,swiggins
R0455,User,ALemma
R0455,User,rsingh
R0455,User,KEllis
R0455,User,edarko
CR044805,User,alocke
CR044805,User,edarko
CR044805,User,swiggins
CR044805,User,jmitchell1
CR044805,User,ALemma
CR044805,User,lcabral
CR044805,User,smoon
P0737,User,cmelamed
F0098900,User,mbernardez
F0098900,User,ALemma
F0098900,User,pdavis
F0081700,User,jbenson
F0081700,User,SBailey
F0081700,User,slevine
F0081700,User,mfoley
F0081700,User,SBailey
C0101005,User,swhitley
C0101005,User,KEllis
C0101005,User,jdocherty
C0101005,User,jmitchell2
C0101005,User,ascott
C0101005,User,awells
C0101005,User,JKeane
C0101005,User,ncantore
C0101005,User,ALemma
C0101005,User,ECardoso
C0101005,User,jkennan
C0082703,User,LShaxson
C0082703,User,ccassidy
F0111300,User,DteVelde
F0111300,User,moyeniji
C0114201,User,DteVelde
C0114202,User,DteVelde
P0762,User,njones
P0762,User,fsamuels
P0762,User,admin
F0115100,User,ljones
X0002,User,ahewitt
X0002,User,dlomas
X0002,User,sbarron
W0057,User,Aliisanantti
W0057,User,eludi
W0057,User,jtucker
W0057,User,RCalow
D0277,User,jbenson
D0277,User,SElhawary
D0277,User,spantuliano
D0277,User,scollinson
W0057,User,Aliisanantti
W0057,User,eludi
W0057,User,jtucker
W0057,User,RCalow
W0057,User,noates
F0105700,User,admin
F0105700,User,eludi
F0105700,User,ljones
F0105700,User,slevine
F0105700,User,sherbert
F0105700,User,noates
F0105700,User,Aliisanantti
D0376,User,CMoss
D0376,User,dwhite
D0376,User,jbenson
D0376,User,Lsollis
D0376,User,SElhawary
D0376,User,spantuliano
D0376,User,SPavanello
D0376,User,SBailey
D0376,User,scollinson
D0376,User,slevine
D0376,User,socallaghan
D0376,User,wfenton
D0396,User,jdarcy
D0396,User,jbenson
P0750,User,njones
P0750,User,charper
P0750,User,fsamuels
P0750,User,halder
F0090000,User,dwalker
F0090000,User,tmitchell
F0090000,User,ppereznieto
F0090000,User,ljones
F0090000,User,ewilkinson
F0081700,User,jbenson
F0081700,User,SBailey
F0081700,User,slevine
F0081700,User,mfoley
F0081700,User,SBailey
F0096300,User,admin
F0107700,User,SElhawary
F0107700,User,jbenson
PPA0413,User,Arochamenocal
PPA0413,User,htavakoli
PPA0413,User,EHedger
PPA0413,User,jhagen-zanker
PPA0413,User,pdomingo
PPA0413,User,lwild
PPA0413,User,Arochamenocal
CD033907,User,charmer
CD033907,User,mfoley
CD033907,User,spantuliano
CD033907,User,vmetcalfe
CD033907,User,SHaysom
CD033907,User,emartin
CD033907,User,admin
D0343,User,wfenton
D0343,User,SBailey
D0384,User,spantuliano
D0384,User,SPavanello
D0384,User,charmer
D0384,User,vmetcalfe
D0384,User,CMoss
D0391,User,vmetcalfe
D0391,User,SElhawary
D0391,User,scollinson
D0391,User,emartin
D0391,User,spantuliano
D0391,User,mfoley
D0398,User,scollinson
D0398,User,ajackson
D0398,User,admin
F0104200,User,SBailey
F0104200,User,jbenson
F0104200,User,SBailey
F0104200,User,jbenson
F0106800,User,fiannini
F0106800,User,spantuliano
F0106800,User,wfenton
F0106800,User,jbenson
F0107400,User,vmetcalfe
F0107400,User,spantuliano
F0107400,User,ajackson
F0107400,User,mfoley
F0107400,User,chawkshaw
