P0001,62.49.245.126
P0002,mailgate.acadeuro.org
P0003,62.49.206.210
P0004,95.177.46.74
P0005,81.178.20.76
P0006,mailgate.amazonpr.co.uk
P0007,Mailgate.bdcvs.org.uk
P0008,62.49.31.248
P0009,82.111.75.164
P0010,Mail.bond.org.uk
P0011,62.49.58.236
P0012,87.83.120.66
P0013,93.152.44.206
P0014,np-bengali.hopto.org
P0015,86.53.43.194
P0016,87.83.175.227
P0017,remote.ch1889.org
P0018,Mail.camdencarers.org.uk
P0019,109.174.176.122
P0020,81.142.158.157
P0021,mail.crimeandjustice.org.uk
P0022,217.46.245.13
P0023,87.85.71.18
P0024,89.206.171.194
P0025,212.188.232.242
P0026,87.83.175.115
P0027,81.86.79.17
P0028,mailgate.crusebereavementcare.org.uk
P0029,Mail.depaultrust.org
P0030,62.49.73.250
P0031,mail.eiris.org
P0032,84.12.220.170
P0033,89.206.191.226
P0034,217.154.40.211
P0035,83.104.165.186
P0036,mailgate.familyfutures.co.uk
P0037,87.84.73.82
P0038,82.109.50.218
P0039,80.177.132.90
P0040,94.185.213.90
P0041,81.136.179.159
P0042,mailgate.geffrye-museum.org.uk
P0043,mailgate.rlglasspoolcharitytrust.org.uk
P0044,81.142.72.77
P0045,83.105.62.170
P0046,62.49.131.129
P0047,88.96.123.193
P0048,62.49.244.154
P0049,mail.honeypot.co.uk
P0050,80.177.245.74
P0051,212.135.138.244
P0052,mail.isuog.org
P0053,mail.vai.org.uk
P0054,62.49.56.42
P0055,Mailgate.kva.org.uk
P0056,Mailgate.walcotfoundation.org.uk
P0057,217.207.144.18
P0058,62.49.242.178
P0059,mailgate.marywardlegal.org.uk
P0060,mail.mayvillecc.com
P0061,195.112.27.8
P0062,mail.menshealthforum.org.uk
P0063,82.109.61.130
P0064,Mailgate.nadfas.org.uk
P0065,82.111.134.226
P0066,83.104.243.226
P0067,80.177.176.210
P0068,mail.sportactivensa.co.uk
P0069,62.49.134.90
P0070,mail2.playtowerhamlets.org.uk
P0071,83.104.106.170
P0072,87.194.125.187
P0073,mailgate.peoplefirstltd.com
P0074,217.37.7.203
P0075,81.149.103.152
P0076,87.83.228.178
P0077,Mailgate.rcsint.org
P0078,62.49.143.130
P0079,195.194.62.174
P0080,82.69.145.225
P0081,80.229.135.134
P0082,Mailgate.quaker.org.uk
P0083,Mailgate.savileclub.co.uk
P0084,92.27.81.142
P0085,mail.schoolhomesupport.org.uk
P0086,217.206.147.98
P0087,mailgate.stonewallhousing.org
P0088,mailgate.surreymediation.co.uk
P0089,84.12.198.106
P0090,62.49.100.202
P0091,80.168.186.114
P0092,mail.tubney.org.uk
P0093,Mail.unicorntheatre.com
P0094,Mailgate.mdslondon.co.uk
P0095,87.86.123.67
P0096,82.111.137.210
P0097,217.207.126.34
P0098,remote.wvsda.org.uk
P0099,Mailgate.youthaccess.org.uk
P0100,mail.watw.org.uk
P0101,80.176.206.50
P0102,62.49.200.250
P0103,Mail.hac.org.uk
P0104,87.86.117.66
P0105,80.177.54.98
P0106,80.177.228.114
P0107,217.207.126.74
P0108,83.105.10.90
P0109,80.177.245.74
P0110,81.137.233.110
P0111,87.85.73.66
P0112,109.174.143.242
P0113,mailgate.tclcomms.co.uk
P0114,94.185.213.90
P0115,79.121.169.202
P0116,109.174.162.99
P0117,remote.icpr.org.uk
